GroupLabel,TotalSpent
B,77183.6
A,584.91
B,892.8000000000001
A,1757.55
A,334.40000000000003
A,1928.06
A,89.0
A,1079.3999999999999
A,2329.9700000000003
B,484.85999999999996
B,3424.350000000001
B,2662.0600000000013
B,1304.1499999999999
A,552.0
A,1014.04
B,641.3799999999999
A,3545.6899999999973
B,1527.9600000000003
A,914.9199999999997
A,364.6
A,742.93
A,230.30000000000004
A,1001.5199999999998
A,4008.6200000000013
A,852.2399999999997
A,2117.259999999999
A,1279.2399999999998
B,1751.1100000000004
B,585.27
B,1619.7900000000002
B,549.8399999999999
B,460.88999999999993
B,639.4999999999999
A,1505.4299999999998
B,978.5699999999998
B,225.6
B,427.7
A,1710.3900000000006
A,1794.0500000000004
A,796.72
B,2134.05
B,11072.670000000002
A,514.5
B,84.65
A,153.76
A,84329.29999999997
B,291.34
B,668.5799999999997
B,807.0400000000001
A,655.86
B,1196.3299999999992
A,777.1999999999999
A,522.3
A,6765.620000000002
B,1125.4
A,4291.22
A,4016.6600000000008
A,1919.1400000000008
B,806.1399999999999
B,7829.889999999998
B,509.00999999999993
A,2756.389999999999
A,890.0699999999998
A,5005.459999999999
B,133.4
A,1002.3099999999998
B,476.49
A,2120.66
B,101.88
B,3845.15
B,430.57000000000005
B,3528.34
A,1698.8999999999996
B,2166.8799999999997
B,427.48
B,1344.7799999999997
A,376.20000000000005
A,742.1899999999999
A,11175.609999999986
B,3847.3700000000026
B,3938.5499999999997
A,5922.719999999999
B,723.38
B,4858.480000000001
B,7903.439999999997
B,2465.3799999999997
A,2693.7499999999995
B,840.2700000000002
B,1137.99
B,3164.250000000001
A,460.40000000000003
A,570.67
B,1043.1
A,403.69999999999993
A,3479.730000000001
B,702.8000000000001
B,32.65
B,73.50000000000003
B,446.15999999999997
A,398.27000000000004
A,982.5700000000002
A,612.2900000000001
A,1017.6800000000002
B,383.7
A,1312.06
B,1313.89
A,1717.75
B,2387.719999999999
B,599.6800000000001
A,89.4
B,1199.8000000000004
A,2357.94
A,519.28
B,348.71000000000004
B,515.7099999999998
A,858.23
A,1089.18
B,4279.710000000004
A,363.95
A,3852.499999999998
A,7124.139999999995
B,668.7799999999999
B,1161.5000000000002
A,964.8299999999994
A,168.0
B,120.0
A,2732.3700000000013
A,603.7099999999999
A,6407.12
B,269.96000000000004
A,561.7099999999999
B,1436.31
B,238.85
A,2686.7799999999993
A,456.90000000000003
B,145.92
A,351.65000000000003
A,4757.67
A,2102.09
B,248.35
B,1020.4200000000003
A,239.2
A,195.89
A,2794.5099999999993
B,440.41999999999996
B,511.3599999999999
B,4182.43
A,1012.1099999999999
A,2040.099999999999
B,196.94
B,144.0
A,646.6799999999998
B,9864.260000000004
B,231.8
A,182.10000000000002
B,2382.31
B,618.27
B,722.1100000000002
B,1211.73
A,405.5399999999999
A,1807.72
A,397.96000000000004
B,153.12000000000003
A,739.2
A,254.17999999999992
B,1579.51
A,326.12
A,248.2
B,1193.32
A,2703.519999999999
A,634.7400000000002
A,255.60000000000002
A,355.5300000000002
B,177.31
B,2563.4200000000005
A,939.32
A,8020.310000000001
A,180.1
A,299.94
A,2683.8199999999997
B,2970.2899999999995
B,1908.5699999999993
A,640.5000000000002
A,434.43000000000006
B,1005.5399999999996
B,2391.750000000002
A,486.1
B,1174.58
A,185.9
A,1013.2600000000001
A,1601.7
A,477.9100000000001
A,511.95999999999987
A,731.6899999999999
A,1818.8600000000008
B,623.5099999999999
A,919.9799999999998
A,2209.8500000000004
B,337.83
A,3406.419999999999
A,618.4399999999999
A,686.0500000000001
A,91.67999999999999
B,2493.05
A,3811.88
B,63.0
B,620.1299999999999
A,469.87
B,471.43
A,2299.9299999999994
A,225.9
B,220.9
A,1545.4000000000003
A,1010.61
B,1534.9800000000005
B,1113.02
B,424.15999999999997
A,7884.900000000001
B,6840.560000000001
A,3693.6499999999987
A,1637.87
B,1034.06
B,4873.810000000005
B,736.5800000000002
A,389.01
A,999.8
B,630.77
B,419.00000000000006
B,614.1799999999998
B,1314.7499999999995
B,797.7099999999999
A,219.0
A,1008.1999999999999
B,3580.1700000000005
A,603.42
B,1181.84
A,5136.249999999999
B,790.3600000000004
A,3464.05
B,2275.1799999999994
B,421.23999999999995
A,2766.27
A,629.5000000000003
A,997.6299999999999
B,348.3800000000001
A,823.1700000000001
A,1628.0800000000004
B,1434.16
A,252.53999999999996
B,453.01000000000005
A,12178.519999999997
A,236.26000000000008
A,383.95
B,110.39999999999999
A,234.00000000000003
B,155.35
B,1013.0400000000001
B,11016.64
B,1575.9600000000003
A,17894.240000000074
A,3327.8200000000024
A,4366.779999999999
B,8414.37
A,2949.1200000000003
A,112.08000000000001
B,5883.130000000002
A,1221.3999999999999
B,1086.64
A,1898.5200000000004
A,174.0
A,4435.430000000003
A,1143.6000000000001
B,1351.45
B,892.4700000000004
A,966.2399999999999
A,276.16999999999996
A,1912.9500000000003
A,979.2199999999997
B,1264.05
B,518.42
A,311.95
B,192.6
B,860.4100000000001
B,430.4800000000001
A,1607.0399999999997
B,489.31
B,274.6
A,448.09999999999997
B,318.65000000000003
A,1542.08
B,170.46
A,690.8999999999997
B,535.5
A,397.1199999999999
B,613.7399999999999
B,689.2900000000001
B,85.75
A,2622.16
A,215.05
B,267.8
B,417.37999999999994
B,312.37999999999994
B,1347.0200000000004
A,134.1
B,390.78999999999985
A,1173.7
B,1148.8000000000002
B,1651.6
A,739.41
A,325.96000000000004
B,354.09000000000003
B,871.5399999999998
B,704.5
B,311.54999999999995
B,457.59999999999997
A,934.6000000000004
A,38.099999999999994
A,1430.0499999999997
A,1106.4000000000003
A,521.2
A,147.12
A,586.8499999999999
A,559.1199999999999
B,2298.37
B,739.03
A,380.64000000000004
A,221.44000000000003
B,374.0
A,343.23
A,1491.59
A,1163.15
B,854.9899999999999
A,367.2
B,703.4700000000003
B,309.05000000000007
B,380.4699999999999
B,42.0
A,267.79999999999995
B,216.5
B,13821.14
A,138.68
B,509.57999999999987
A,1936.5899999999995
B,432.0
B,953.9000000000002
A,1741.96
A,756.24
A,1530.9099999999999
A,363.65
B,2356.37
A,999.07
B,164.23000000000002
A,7831.729999999995
A,405.38
B,336.62
A,1136.1399999999999
A,117.85000000000001
A,415.79999999999995
B,15925.119999999995
A,607.53
A,1816.92
A,1063.9000000000003
A,895.2599999999998
B,114.14
A,7102.919999999999
A,913.54
B,286.95
B,462.95
A,998.7100000000003
B,1042.2700000000002
A,3449.4200000000005
B,1483.0
A,908.8800000000002
A,731.5400000000001
B,3707.200000000001
A,792.5000000000001
A,266.39
A,1342.0499999999995
A,771.9099999999996
A,292.5
B,135.95
A,452.23999999999995
B,6461.039999999995
B,738.6
A,5643.48
A,185.04000000000002
B,390.53999999999996
B,97.5
A,754.3799999999999
B,535.32
A,4871.150000000001
B,97.5
A,503.76
A,414.76000000000005
A,645.47
B,211.32
B,921.3399999999998
A,59.10000000000001
A,201.75
B,4407.6500000000015
A,30.0
A,2343.9100000000003
B,192.05
A,81.57
A,229.47000000000003
A,50.550000000000004
A,1192.5200000000004
B,747.4300000000002
A,1328.15
A,1583.2399999999996
B,204.0
A,3724.209999999999
B,1108.3700000000006
A,336.4
A,5376.0
A,305.38
B,773.1999999999999
A,1010.1800000000003
B,190.54999999999998
B,476.91
A,332.99999999999994
A,303.75
A,711.8
A,373.73999999999995
A,516.4200000000001
B,560.4700000000001
A,305.28
B,197.72
B,1479.6100000000006
A,1375.0499999999997
B,3328.93
B,348.15
A,1214.41
B,271.40000000000003
B,346.98
A,842.33
A,205.85999999999999
A,318.99
A,115.46000000000002
A,165.0
A,2694.6299999999997
A,177.14999999999998
A,919.61
A,263.71999999999997
B,6162.469999999998
A,41.5
A,58.08
A,8391.849999999993
A,1431.0900000000001
A,278.1
A,34513.44000000008
A,4358.860000000001
B,345.82
A,226.25
B,5685.990000000001
B,1327.3199999999997
B,3188.119999999999
B,16680.509999999995
B,207.36
B,101.18999999999998
B,2627.6000000000017
A,596.28
A,1407.42
A,350.05999999999995
A,416.69000000000005
A,744.8500000000003
A,5907.36
A,916.67
B,501.14000000000004
A,612.7199999999998
B,774.2600000000002
A,30.6
A,283.7299999999999
A,903.6700000000002
A,3866.3299999999977
A,209.94000000000005
A,259.16999999999996
B,301.1
B,77.3
A,57.449999999999996
B,1433.5399999999995
B,2607.6099999999997
B,1629.4700000000016
A,859.7899999999998
B,894.4399999999998
B,264.21
B,1504.0000000000007
A,307.0899999999999
A,110.94999999999999
A,295.0
B,228.91
B,118.8
B,1937.3200000000013
B,882.8999999999997
A,1257.8700000000003
B,502.7999999999999
A,1741.22
B,305.3399999999999
B,1043.5699999999997
B,91.80000000000001
A,548.4300000000001
A,1021.48
B,417.19999999999993
B,549.2099999999996
B,340.48
B,505.19999999999993
B,116.01000000000002
A,468.40999999999974
A,708.7600000000002
B,492.8400000000001
B,2699.6099999999988
B,2464.84
B,1099.47
A,71.4
A,260.68000000000006
B,464.32000000000005
A,1586.95
B,874.4100000000001
B,4393.900000000001
B,243.07999999999998
B,309.85999999999996
B,250.26000000000002
B,920.5899999999996
B,1628.5799999999997
B,110.7
B,496.6099999999998
B,971.9799999999999
A,333.74
B,176.20000000000002
A,847.4100000000001
B,163.20000000000002
B,2155.9500000000007
B,3299.9200000000005
B,108.21000000000001
B,257.7
A,358.0
B,1610.5500000000004
A,909.4900000000005
B,1031.0699999999995
A,305.6199999999999
A,473.03000000000003
A,329.56
B,111.19999999999999
A,270.40000000000003
B,600.07
A,430.5
A,1987.3000000000009
A,501.12
A,291.84
B,225.7
B,594.98
A,99.0
B,200.29000000000002
A,3716.15
B,949.4399999999999
B,1233.49
B,2625.7500000000005
A,2210.9099999999994
B,2585.5600000000013
A,217.3799999999999
A,140.95999999999998
A,138.97999999999996
B,137.38
B,182.5
B,137.75
B,359.04
B,68.16
B,201.19
A,2202.7399999999984
B,329.37
B,201.20000000000002
A,774.4699999999998
B,142.5
B,371.89000000000004
A,327.77
A,300.4199999999999
A,1282.7499999999995
A,15.0
B,1385.51
B,772.3100000000001
B,1132.0300000000009
A,490.11
B,621.28
B,2197.7499999999995
B,682.6800000000001
A,302.96
B,5767.159999999998
A,1076.16
A,259.03999999999996
A,199.48
B,415.35
A,5977.3299999999945
B,675.3
B,1958.3200000000004
B,1876.3800000000006
A,795.12
A,860.1200000000002
B,1292.8899999999999
B,775.85
A,353.43000000000006
B,979.1199999999998
A,397.9800000000001
B,768.2400000000001
B,439.03000000000003
A,756.11
B,388.68
A,56.16
B,378.64
A,1256.6700000000005
B,778.6499999999997
A,1019.7600000000003
B,436.2699999999998
B,2982.23
B,2196.6800000000003
B,534.5700000000002
B,257.89
B,59.8
B,1603.0099999999998
B,1360.9899999999998
B,549.5699999999999
B,308.28
B,75.0
B,217.81
B,397.4
A,15736.71
B,679.04
B,213.55
A,390.0
A,275.0
B,236.00000000000003
B,4437.279999999998
B,159.85
A,825.04
A,1624.2099999999998
A,1744.7599999999995
B,368.1
B,362.40000000000003
A,679.4499999999999
A,853.6799999999998
B,1229.11
A,2526.2000000000007
A,475.13
A,2945.649999999999
B,291.88
A,1500.8400000000004
B,1763.6500000000005
A,295.0
A,185.00000000000003
A,365.40000000000003
A,881.9599999999997
A,3798.6899999999987
A,183.44
B,868.5999999999999
A,151.5
A,674.6800000000002
A,3503.6900000000023
B,165.0
A,1546.4000000000003
B,422.64
A,229.58999999999997
B,1059.8200000000002
A,510.87000000000006
A,1454.5799999999995
A,300.95
B,382.34000000000003
B,184.64000000000001
B,313.79999999999995
A,454.2400000000001
A,302.79999999999995
A,575.4
A,5220.530000000003
A,235.68
B,728.9699999999999
A,360.8
A,316.25999999999993
B,874.1199999999999
B,501.01
A,194.55
B,703.4900000000002
B,497.9700000000001
A,1340.3199999999997
A,292.0
A,1009.6899999999997
B,2022.7899999999997
B,110.97
A,456.9
A,251.20999999999998
A,320.56
A,914.9999999999999
A,1618.1000000000006
A,659.4399999999998
B,122.74999999999999
A,1361.4899999999993
A,2419.09
A,163.5
A,1524.799999999999
A,307.76
A,178.35
B,270.79000000000013
B,3486.5000000000045
A,1535.6699999999996
B,609.7500000000001
B,467.24
A,122.91
B,418.2799999999999
A,281.0099999999999
A,742.6999999999998
A,91.80000000000001
B,2047.9800000000005
B,1590.0500000000006
A,343.37999999999994
B,361.1199999999999
B,174.37000000000003
B,1196.0599999999995
A,777.5300000000001
B,1209.0199999999998
B,130.04000000000002
A,585.1799999999997
B,192.85000000000005
A,255.42999999999998
B,239.49000000000004
A,774.6499999999997
A,1384.25
B,262.63
B,343.41
B,4247.52
B,1315.8999999999996
A,1652.6499999999983
A,147.0
B,1359.7199999999991
B,776.23
B,205.51
B,1108.93
A,396.96999999999997
B,180.1700000000001
A,2389.06
B,373.2
B,164.34
A,280.53999999999996
B,649.8199999999998
B,1171.8000000000002
A,1021.2299999999998
B,365.7
B,177.34
A,213.85
B,404.93
A,257.22999999999996
B,1638.4700000000003
A,4879.36
B,7.7
A,2309.7
A,1266.7400000000011
A,1213.9199999999996
A,386.94999999999993
B,125.64999999999999
B,122.64
B,171.5
A,778.9200000000002
A,252.1
A,803.8599999999999
B,1361.72
B,1714.2700000000007
B,932.9700000000004
A,152.33999999999997
A,2096.7700000000004
B,1573.2000000000007
B,670.0600000000001
A,189.47
A,20.599999999999998
A,305.0199999999998
A,3123.4499999999994
A,218.54999999999995
B,186.39
B,183.32
B,178.38
A,232.60000000000005
B,624.37
B,1340.0900000000013
A,72.0
B,172.25
A,1488.32
B,33565.490000000005
B,1143.82
B,151.3
A,1859.6600000000005
B,1721.0600000000004
A,711.8599999999999
B,330.78999999999996
B,222.99999999999994
B,296.87999999999994
A,2161.620000000001
B,496.63
A,138.28
A,1055.76
B,114.05000000000001
B,710.8899999999999
A,533.7
B,1463.4700000000005
A,659.1300000000002
B,786.9799999999998
A,110.39999999999999
B,320.5199999999999
B,306.75
A,491.86
B,1893.6800000000003
A,357.53
B,339.6
A,216.9
A,350.75000000000006
A,2241.7300000000005
A,436.92
B,893.1600000000002
A,79.6
A,351.45
B,1321.82
B,296.24999999999994
B,298.98999999999995
B,126.60000000000001
B,1403.7400000000005
A,2477.3699999999994
B,1898.9400000000003
B,151.7
A,1070.65
A,445.74000000000007
B,12217.690000000006
A,1126.9300000000003
B,593.2499999999999
A,228.42000000000004
B,344.99999999999994
A,22323.65999999999
A,360.01
B,615.3099999999997
B,1509.8399999999997
A,106.4
A,937.0
B,18625.78999999999
A,669.0600000000002
B,2438.1000000000004
A,1773.5399999999995
B,924.6
A,156.09999999999997
B,1499.01
B,481.5
A,292.24
B,3015.35
A,199.98000000000002
A,382.98
A,833.3499999999999
A,385.64
B,307.24
B,1232.98
B,189.5
A,224.02999999999986
B,209.49000000000004
A,1483.6899999999998
A,52.2
A,297.23
A,157.54
B,241.47999999999996
B,85.0
A,1193.9
A,865.0599999999998
A,615.0
B,1537.9500000000003
B,1595.4799999999996
A,246.31999999999996
B,1090.1399999999999
B,5109.139999999999
B,263.9
A,216.16999999999996
B,201.15999999999997
A,617.81
A,1299.9000000000005
A,241.51999999999998
B,3192.54
B,1010.7699999999999
A,353.96999999999997
A,3305.470000000002
B,159.20000000000002
B,540.45
A,702.64
A,117.23999999999998
A,1281.5299999999997
A,2582.1300000000006
A,10433.899999999998
A,729.4999999999999
A,399.15000000000003
B,349.54999999999995
A,366.11
B,1407.3099999999997
B,237.24
A,821.1
B,564.6199999999999
A,1236.8
A,311.15999999999997
A,155.93
B,388.51999999999987
A,357.58
B,442.8900000000001
B,332.64000000000004
B,907.9400000000002
A,1383.02
B,272.04
B,1014.6399999999998
B,384.80999999999995
B,172.24999999999997
A,351.13
A,375.1899999999999
B,115.93
B,223.85000000000002
B,842.6500000000001
B,127.34
B,307.4
A,608.7899999999998
A,922.0999999999997
B,376.58
B,158.85
A,568.5500000000002
A,613.8999999999999
A,5112.960000000002
A,561.57
B,101.99999999999999
B,676.2000000000002
B,140.94
A,674.4499999999998
A,2042.7599999999995
B,3015.6800000000007
A,869.9200000000001
A,475.49999999999983
A,102.11999999999999
A,51.95
A,115.67999999999999
B,80.7
A,6295.669999999991
B,1761.8200000000002
B,145.90000000000003
A,413.59
B,357.9800000000001
A,200.14000000000001
B,475.2
B,1450.3400000000008
B,231.12999999999997
B,2593.5900000000006
A,320.46
B,1187.4599999999998
B,896.67
A,311.3
B,442.7700000000001
A,2413.31
A,649.6400000000002
A,1083.24
B,1587.5199999999995
A,635.6600000000001
A,1309.1399999999999
A,3053.489999999999
A,144.3
A,657.7499999999999
A,380.9099999999999
B,354.52
B,505.18000000000006
A,917.34
B,4341.21
A,1421.6100000000001
A,642.8
B,302.8
B,310.93
B,65.25
A,104.82000000000002
A,165.2
B,1038.6899999999996
A,8095.889999999999
B,2178.9700000000003
B,177.90999999999994
B,1428.0199999999995
B,147.20000000000002
B,1560.379999999999
B,838.6999999999997
A,141.41
A,282.1499999999997
B,734.4
B,977.7700000000002
A,4422.959999999998
B,9214.149999999998
B,225.35999999999993
B,3741.949999999996
B,4520.130000000001
B,183.59999999999997
B,4871.84
B,7801.790000000002
B,978.3900000000001
B,152.55
A,265.85
B,866.0
B,625.48
B,122.46999999999997
A,284.2
B,247.53
B,510.9999999999999
A,182.24999999999997
B,202.87
B,2422.0500000000006
A,47097.61999999997
B,161.0
A,76.32
B,3037.5399999999995
A,29421.65000000011
B,1785.3600000000001
B,3853.6299999999997
A,525.25
A,1266.2300000000002
A,1224.14
A,3693.7900000000004
B,94.2
A,1494.819999999999
B,1368.5199999999995
A,386.5299999999999
B,532.89
A,90.0
A,1480.5099999999998
B,419.58
B,2406.51
B,62.5
A,314.63
B,331.96
B,603.95
A,483.85999999999996
A,1409.9000000000005
B,287.64000000000004
B,1609.9100000000008
A,415.81999999999994
B,199.47
B,311.81
B,891.0
B,3528.699999999999
A,300.6
A,157.2
B,306.18
B,314.50999999999993
B,1345.6200000000003
B,118.75
B,70516.86000000006
B,155.71
B,2677.3799999999956
A,289.36000000000007
B,2445.9100000000008
A,1273.7700000000002
B,259.0
B,363.78999999999996
A,3222.3000000000006
A,417.34999999999997
B,368.08000000000004
A,1160.3399999999997
B,551.6799999999997
A,3014.4499999999985
A,197.65
A,691.1
A,1937.7200000000003
A,2643.750000000002
B,422.54
A,6482.640000000005
B,1011.9999999999998
A,701.4000000000002
B,512.6199999999999
B,466.6999999999999
B,328.1599999999999
A,1455.7299999999996
A,308.78
A,1701.16
B,1070.48
A,238.98000000000002
B,841.7
A,1701.05
A,825.5
B,312.98
B,2775.9399999999996
A,683.17
A,304.90000000000003
B,799.0999999999999
B,2046.4199999999994
B,1234.3799999999999
B,1547.1999999999998
A,617.95
B,950.7800000000002
A,1361.8699999999997
B,483.42000000000024
B,850.31
A,490.86
A,161.00000000000003
B,146.85
A,1055.3099999999997
B,280.55
A,1358.6299999999997
B,1005.1
A,504.19
B,1904.0500000000002
A,1906.7400000000007
B,969.06
A,7379.7599999999975
B,120.0
A,1163.45
A,2312.73
B,530.18
A,836.36
B,492.6499999999999
B,222.72000000000006
A,1119.7399999999998
B,4216.2000000000035
A,2485.960000000001
B,252.1
A,662.48
A,3985.9799999999996
B,93.35
B,426.6
B,801.9999999999998
B,1321.6200000000001
A,1730.2600000000002
A,3557.2700000000004
B,231.39
A,1305.3299999999997
B,33993.17999999996
B,2574.88
A,43.2
B,640.14
B,383.45
A,4.25
B,2093.3199999999997
A,1958.3899999999994
A,1624.9499999999998
B,310.26
B,848.8700000000002
B,876.9999999999999
A,477.79
B,900.6499999999995
B,605.0600000000001
B,183.85
A,4054.759999999998
B,400.01
B,1901.7300000000005
A,109.01
B,500.5199999999999
B,8.25
A,309.52
B,321.2900000000001
B,467.38
B,76.5
A,108.98000000000002
A,1021.5800000000002
B,409.57
A,282.92999999999995
A,845.3199999999998
A,701.2300000000001
A,610.0899999999999
A,161.20000000000002
B,1798.8500000000004
B,4418.010000000002
B,155.00000000000003
B,100.5
B,76.55
A,617.05
B,110.97999999999999
A,202.6800000000001
B,626.07
B,329.88
A,126.76
B,142.4
A,440.75999999999993
B,1106.8899999999999
B,311.1400000000001
A,4011.6799999999994
B,2379.9100000000003
B,1533.0000000000002
A,574.7
B,2453.159999999999
B,499.8
A,906.5400000000002
A,156.75
B,1490.4799999999998
B,1620.3599999999997
B,1086.8300000000002
A,399.18
B,1063.0
B,122.7
B,706.36
B,2657.270000000002
B,129.22
A,1039.9
A,607.6600000000001
A,387.52
B,813.11
B,2595.650000000001
B,322.08
A,2661.3900000000003
A,41.6
A,735.98
B,470.35999999999996
A,1971.1299999999992
A,962.4
B,89.05999999999999
B,2661.24
B,617.25
B,914.24
A,1116.7
B,539.45
A,562.2
A,102.35000000000001
A,402.6399999999998
A,483.25
B,302.59
A,119.93000000000002
B,1560.9599999999998
A,113.64
A,434.34
A,2103.059999999999
B,1061.11
B,529.6199999999999
A,597.3
A,1101.2500000000002
B,467.06000000000006
A,395.3299999999999
B,85.0
B,547.6600000000001
A,951.6000000000001
B,854.75
B,321.91999999999996
B,165.75000000000003
A,874.5500000000002
B,463.38000000000005
A,340.93
B,1296.4
B,139.56
B,123.8
A,538.8100000000001
A,1134.7700000000002
A,444.35999999999984
B,72.0
A,66.93
A,1839.8800000000012
B,2082.03
B,391.4699999999999
A,5588.5799999999945
B,794.0800000000006
B,237.6
A,276.4199999999999
A,126.32000000000002
B,317.35
B,403.10999999999996
B,1093.2700000000002
B,252.45000000000002
B,165.0
B,143.04
A,241.09
B,842.6700000000002
A,2561.600000000001
B,4137.339999999991
A,364.22
B,620.0400000000002
B,1526.7000000000003
A,363.15
B,1646.22
B,1801.120000000001
B,1210.2799999999997
A,355.56000000000006
B,465.34999999999997
A,745.74
A,2166.96
B,2024.45
A,1040.8100000000004
A,2515.3600000000006
B,326.4
B,289.2399999999999
A,186.23
B,165.07000000000002
A,141.48000000000002
A,1653.9900000000005
A,324.14000000000004
A,788.3800000000001
A,1004.5799999999998
A,3347.1700000000014
B,2560.3200000000015
B,1432.0
A,1530.3600000000001
A,1972.9900000000011
A,1183.9399999999998
B,35.4
B,468.01
B,138.6
B,485.0000000000001
A,213.45000000000002
B,157.05
B,896.6099999999999
A,1447.1400000000012
B,145.21
A,278.40000000000003
B,379.82999999999987
A,1435.0500000000002
B,165.1
A,660.0
B,6595.419999999969
B,15137.5
A,1277.6000000000001
A,486.36
A,158.4
B,412.78
A,305.7
A,403.5300000000001
B,225.85
A,585.53
B,1195.97
A,331.58
A,604.8299999999996
B,1006.9800000000001
A,114.55999999999999
A,344.9000000000001
B,300.19
B,443.6
B,2984.4900000000007
B,1215.39
A,110.46000000000001
A,96.11999999999999
A,693.8100000000001
A,187.5
B,185621.21999999965
B,243.21999999999994
A,584.2199999999999
B,416.32
A,114.18000000000002
A,1531.62
B,291.04999999999984
B,733.6799999999996
B,123.14
B,1245.3399999999995
A,156.79000000000002
A,107.95
B,401.6099999999999
B,248.85000000000008
A,1835.7000000000003
A,195.25
A,4778.739999999994
B,1269.9900000000002
B,480.27000000000004
B,693.8100000000001
B,604.7499999999999
B,2170.96
B,11550.58
A,393.95
A,20.8
B,610.8199999999999
B,3621.5700000000024
A,112.80000000000001
B,216.71
B,439.6
A,480.3000000000002
B,172.9
A,1159.75
B,1093.6000000000008
B,721.5499999999998
B,1032.94
A,1127.5900000000001
B,1516.9100000000026
A,2047.4999999999982
A,404.9999999999999
B,1352.3200000000004
A,611.3200000000002
B,1183.3899999999999
A,160.19
A,520.0799999999999
A,188.56
B,581.88
A,245.32999999999998
B,187.91999999999996
A,220.05999999999995
A,718.08
B,268.58000000000004
B,313.49
A,510.62999999999977
B,380.0199999999999
A,1578.9799999999998
A,7244.199999999998
A,4309.290000000001
A,434.0
B,320.91999999999996
A,509.96000000000004
B,521.0999999999999
A,994.83
B,546.45
B,638.5899999999999
A,597.6899999999998
B,563.1499999999999
A,228.27000000000004
B,2728.75
A,738.9599999999999
A,501.59000000000015
B,870.8499999999998
A,89.2
B,158.39999999999998
A,300.52
B,278.3
A,254.10999999999999
A,1664.3099999999995
A,59.4
B,10332.780000000012
B,876.4199999999997
B,139.26
A,717.0
B,1574.2800000000007
A,348.1499999999999
B,447.6799999999999
A,200.1
A,289.99
A,39.480000000000004
B,679.4399999999998
B,197.64000000000001
B,592.9
B,228.99
A,483.48999999999995
A,4476.799999999992
B,173.74
B,157.7
B,3130.349999999999
A,542.15
B,353.27
A,445.40000000000003
A,1593.5199999999982
A,538.9200000000001
A,529.5500000000001
A,291.38
B,265.77000000000004
B,110.78000000000002
A,1411.0299999999995
B,551.2500000000002
B,197.13
A,1298.4
A,3.0
A,796.2000000000004
A,62.85
B,3295.760000000001
B,1378.4800000000007
B,1543.3500000000004
A,309.4
A,4945.99
A,325.75
B,305.2199999999999
A,2282.4800000000014
A,475.79999999999995
B,1840.4100000000003
A,339.3
A,1003.2700000000001
B,1173.1200000000008
B,927.1199999999995
A,170.32
B,125.79
B,841.1999999999999
B,266.76000000000005
B,52.199999999999996
B,12292.079999999996
B,1667.2100000000005
A,334.39
B,327.24999999999994
A,246.54999999999995
B,519.68
B,1465.3200000000002
B,995.8200000000003
A,472.11999999999995
B,255.4
A,341.8
B,406.08
B,364.80000000000007
B,1862.0
A,369.2
A,105.0
B,655.7499999999999
B,7732.100000000002
B,211.54999999999998
B,1366.3799999999999
B,804.6499999999999
A,468.13
A,332.66
A,1085.2799999999995
A,396.96
B,308.55
A,2406.669999999999
A,221.91
B,87691.83999999963
A,385.05999999999995
A,615.8299999999999
B,701.28
A,844.7300000000001
B,977.7699999999999
A,903.0100000000002
A,749.0999999999998
A,2372.860000000001
A,797.63
A,1890.9400000000005
B,1784.7099999999998
B,3496.5200000000027
A,1621.88
B,4166.050000000001
B,178.5
A,363.26000000000005
A,371.2
A,311.69
A,4095.9800000000005
A,289.82
A,107.4
B,293.6
B,221.27000000000004
B,3812.8100000000027
A,126.7
B,635.0399999999998
B,463.8
A,917.0600000000001
B,302.96000000000004
B,114.39
B,279.94
B,502.42
B,1158.000000000001
A,213.26999999999995
B,124.51000000000006
A,163.2
B,334.54
B,113.91999999999997
B,546.2
B,429.8699999999999
B,490.52
B,748.6099999999999
A,1246.3199999999995
A,3159.980000000001
A,502.08999999999975
A,912.9399999999998
A,423.04
A,117.72999999999999
B,170.04
B,384.96
A,265.9999999999999
A,1215.3599999999997
B,681.4799999999998
B,2066.010000000001
B,865.7000000000002
B,360.02000000000004
B,654.2499999999999
A,114.69999999999999
B,152.76
B,261.78999999999996
B,1862.6400000000003
A,2844.37
B,252.72999999999996
A,245.6899999999999
B,345.6399999999998
A,10526.849999999986
A,180.35000000000002
B,135.93
B,5915.040000000001
A,346.76
B,2194.4
A,343.61999999999995
A,68.08000000000001
A,121.17000000000002
A,458.9099999999999
B,1391.6099999999994
A,215.78
B,1320.7700000000011
A,626.7099999999998
A,16.61
A,33384.79999999998
B,209.08
B,370.79999999999995
A,1073.0400000000002
A,893.59
A,1744.7600000000004
B,313.40000000000003
A,1109.5300000000007
B,106.2
A,773.0300000000002
A,880.8500000000003
B,5460.350000000005
B,386.37
B,313.34999999999997
B,295.88
B,555.37
A,323.16
A,2617.5399999999995
A,770.5
A,39916.5
A,410.48
A,525.5999999999999
B,317.53000000000003
A,291.67999999999995
A,374.6399999999999
B,1224.9199999999998
B,1152.8899999999996
A,241.3
A,676.8
A,315.7
B,618.18
B,2320.6900000000005
B,1092.4400000000005
B,340.11
A,1041.4299999999998
A,891.2800000000002
B,457.72
B,1633.779999999999
B,2199.310000000001
A,184.19
A,10479.099999999999
B,675.1599999999999
B,2027.9000000000008
B,330.11
A,625.5699999999999
B,333.2
A,411.0799999999999
B,139.04999999999998
B,446.90000000000003
A,56.86
B,2027.7299999999998
B,498.73999999999995
A,2622.6399999999994
B,834.2200000000005
B,623.5
B,2448.1500000000005
B,1992.86
B,1085.46
B,11916.980000000003
A,158.16
B,149.47000000000003
A,669.66
B,487.74999999999994
B,162.99999999999997
B,106.56
A,1289.5
B,722.5
A,135.75
A,40.5
A,2206.95
A,434.99999999999994
A,370.48
A,406.76
A,229.26
A,3312.24
A,7947.86
A,729.3200000000002
A,499.32
B,2885.4699999999993
B,773.25
B,605.0000000000001
B,604.07
B,711.42
B,316.58000000000004
A,176.94
A,219.0
B,65.4
B,511.34000000000003
A,101.8
A,313.19999999999993
B,806.5599999999998
A,434.9
A,96.6
A,2226.7899999999995
A,305.75
A,1462.8500000000001
B,322.0799999999999
B,409.40000000000003
B,154.41
B,2224.030000000001
A,429.59999999999997
A,612.0600000000001
B,1057.1400000000003
A,321.05
B,389.79999999999995
A,299.21000000000004
B,461.79
B,1382.5500000000004
B,395.33
A,1251.4800000000002
A,514.1500000000001
A,1886.5600000000009
A,6711.5199999999995
A,918.1999999999999
A,98.45
A,317.15
B,307.5
A,1227.74
A,178.95000000000002
B,1506.1200000000001
A,1285.3600000000001
A,408.8
B,2379.4900000000007
B,1573.9399999999998
B,721.9400000000003
B,383.98999999999995
A,615.1399999999999
B,255.9
B,290.51
A,113.12
A,1730.6800000000003
A,240.55
A,145.71
A,1458.3500000000001
B,241.8
B,3847.3900000000003
B,3275.990000000001
B,180.93999999999997
B,3373.0800000000004
B,149.8
B,1826.7400000000002
B,2435.01
A,2505.06
B,574.02
A,304.5
A,344.61999999999995
B,310.46999999999997
A,37051.27000000013
B,289.74
A,52.0
A,327.97
A,233.54000000000002
B,165.0
A,204.49999999999997
B,1159.4700000000003
B,679.68
B,311.71
B,208.75000000000003
B,309.1000000000001
A,320.3999999999999
A,1028.56
A,114.5
A,173.97000000000003
A,2020.52
B,406.0899999999999
A,364.5
B,252.42
A,115.64999999999999
B,974.9299999999997
B,277.05000000000007
A,1087.4000000000003
B,3488.249999999998
B,418.9200000000001
A,326.0
B,1353.04
A,105.54
B,461.4099999999999
B,446.94000000000005
A,1546.4600000000003
B,1694.050000000001
A,989.0200000000001
A,2361.9200000000005
B,1460.1599999999999
A,596.85
B,4170.800000000003
A,642.41
B,140.54
B,500.0
B,665.4599999999999
B,107.76
A,1854.1399999999994
B,107.45
A,288.17999999999995
B,94.0
A,1345.53
A,549.1299999999999
B,67.2
B,185.77999999999997
B,252.2899999999999
A,164.86
A,267.17999999999995
A,3450.8400000000015
B,524.0199999999998
A,190.53000000000003
A,421.4999999999999
A,2274.4299999999994
A,508.8000000000001
A,135.86
A,506.06
A,97.7
A,43.5
A,446.1599999999998
B,371.0299999999998
B,93.78
B,154.29000000000002
B,171.19
B,533.2999999999998
B,738.1800000000002
A,149.29000000000005
B,859.3199999999997
B,200.16000000000003
B,271.82000000000005
B,1177.31
B,113.5
A,155.17
B,672.7400000000004
B,372.6499999999999
A,337.7999999999999
A,179.10000000000002
A,447.2200000000001
A,237.07000000000002
B,161.64
B,216.75999999999996
B,64.8
A,126.14
B,5182.360000000001
A,334.53000000000014
B,402.56
B,467.5099999999999
B,538.55
A,371.56
A,1363.2
A,454.10999999999984
B,826.8299999999999
B,905.4999999999999
B,7399.499999999999
B,233.81000000000006
B,2920.060000000001
B,950.09
A,1134.2800000000002
A,1787.4800000000002
A,171.72
A,906.2600000000009
B,1299.2300000000012
A,1262.2
A,8365.820000000002
B,1131.5600000000002
B,968.4500000000002
A,147.09000000000003
B,52.83000000000001
A,2164.78
A,674.1999999999999
A,492.35999999999996
B,311.41999999999996
A,250.0
B,744.3000000000002
A,101.2
A,5809.559999999999
A,2377.9100000000003
B,53.76
B,267.03000000000003
A,388.76
A,1136.2899999999997
A,259.90000000000003
A,412.00999999999993
A,440.0
A,511.22999999999985
A,1751.140000000001
B,2324.050000000001
B,949.2200000000001
A,485.1300000000001
A,711.4900000000002
A,807.5700000000002
A,536.3999999999999
B,538.46
B,85.13000000000002
B,127.86
B,2853.2899999999972
A,157.39000000000001
B,3654.279999999995
B,61.58
B,279.03999999999996
A,437.22999999999985
B,2084.9999999999986
A,279.77
B,473.65
A,183.92
A,134.55
A,1400.439999999999
A,84.36
B,186.01000000000002
A,533.3
A,2029.5300000000018
B,323.95
B,1481.84
B,410.7
A,702.2499999999997
A,940.6700000000001
A,229.22999999999988
B,149.00000000000003
A,2862.1
B,141.4
A,432.43
A,455.30000000000007
A,913.6800000000001
A,184.95
B,388.58
B,1068.92
B,375.1499999999999
A,240.67999999999998
A,761.74
B,4702.269999999996
A,610.8800000000001
B,48.480000000000004
A,216.39000000000001
B,894.78
A,2159.580000000001
A,1093.6800000000003
A,112.46
A,258.71
A,5654.700000000003
B,1102.66
A,563.28
B,1301.6100000000001
B,301.03
A,195.60000000000002
B,1246.41
B,281.88
A,1251.3900000000003
B,396.86000000000007
A,1810.3200000000004
B,243.55
A,724.7599999999999
B,223.35999999999999
B,7560.339999999995
A,1305.3800000000006
A,664.0000000000002
A,238.61999999999995
A,612.0099999999998
B,189.79999999999998
A,657.3499999999999
B,227.32000000000002
A,48.0
B,595.02
B,560.67
A,256.77000000000004
B,30.0
A,334.95000000000005
B,1246.24
B,386.42999999999995
A,2242.0100000000007
B,434.74000000000007
A,173.05
B,1717.3700000000006
B,1746.5800000000006
B,334.71
A,98.3
B,1065.7199999999998
B,657.23
B,352.70000000000005
A,224.83999999999997
A,722.9399999999999
B,193.75
A,2154.37
A,254.1
B,136.8
A,191.04000000000002
B,3446.29
B,409.9800000000001
B,872.4
A,309.6499999999999
B,696.6799999999996
A,1112.1299999999999
A,211.5
B,786.3000000000003
B,143.10000000000002
B,450.05
A,166.78000000000003
A,1075.9800000000002
A,133.25
A,307.66
B,185.54999999999998
B,132.48
A,456.4500000000001
B,150.3
B,1675.840000000001
A,598.7300000000001
B,978.2000000000002
A,203.10000000000002
B,114.60000000000001
B,415.25000000000006
B,4019.6900000000046
B,85.0
B,467.42999999999995
B,294.11999999999995
B,162.3
B,1339.45
A,894.67
A,1998.05
B,154.88
A,461.9099999999998
A,34.8
B,480.16
A,549.4699999999999
A,44534.3
B,1276.4999999999995
B,838.099999999999
B,155.14999999999998
B,1475.7500000000007
A,241.25
A,205.25
A,185.04
B,315.3099999999999
B,522.49
B,1585.45
B,267.48
A,34219.64
A,270.8
A,659.5100000000002
B,402.76000000000005
B,134.16
A,2164.3399999999997
A,928.5799999999999
A,4932.2
A,455.99999999999955
B,351.3
B,1223.2400000000002
A,306.64
B,610.0100000000001
B,1425.3200000000004
A,382.2
A,454.57999999999987
B,1063.95
A,451.42
A,415.81999999999994
B,1925.46
A,2801.62
A,262.7
A,903.8999999999999
A,1228.4000000000005
A,319.89
B,1391.9799999999998
A,1449.8099999999997
A,746.92
B,1303.9099999999999
A,1489.0900000000006
B,994.6999999999999
B,857.4799999999999
B,206.98000000000002
A,440.20000000000005
B,15.0
B,532.94
B,1654.3099999999995
B,736.7800000000001
B,636.14
B,576.0
B,660.5900000000003
A,488.3099999999999
A,137.37
A,18811.640000000007
A,790.3600000000001
A,355.56000000000006
A,303.47999999999996
A,130.74
A,2138.71
B,389.2699999999999
B,238.84999999999988
B,110.80000000000001
B,2839.9400000000005
B,342.5099999999999
B,10820.959999999997
A,297.0
B,1054.9199999999996
A,550.6899999999994
A,1594.479999999999
B,832.8799999999999
A,59.64000000000001
B,1173.36
A,603.8500000000001
B,2358.72
B,44.95
B,242.25999999999996
B,155.25
A,181.09
A,168.31
A,179.17
B,168.7
A,351.1099999999999
A,253.39000000000004
B,2348.3999999999983
B,164.68
A,884.5299999999999
A,529.5199999999994
A,191.94
A,642.0400000000004
B,264.62
A,763.2399999999998
B,334.2300000000001
B,369.16999999999985
A,336.03000000000003
B,369.50000000000006
B,127.08000000000003
A,1580.5100000000007
A,791.0000000000001
A,416.8600000000001
B,299.58
B,2755.3300000000004
B,35.8
B,1708.2400000000002
A,310.99999999999994
A,127.68
A,684.6599999999999
B,333.04999999999995
A,253.6
B,1197.85
A,3006.4200000000014
B,190.72
A,689.4499999999999
B,245.03000000000003
A,222.4
B,3637.85
A,1425.54
B,371.01000000000005
B,699.0999999999999
B,1098.7800000000002
B,1638.6800000000005
B,2411.28
B,1092.3600000000006
B,1234.7700000000011
B,899.58
A,1083.5800000000002
B,158.03000000000003
B,1072.21
A,427.07000000000005
B,434.1099999999998
B,2510.76
A,2122.47
B,298.07999999999976
B,101.4
A,1332.1900000000003
B,287.22
A,59.0
B,110.1
A,2080.580000000001
B,23052.219999999994
A,662.3799999999995
B,502.2900000000001
A,263.4
A,211.87999999999994
A,161.9
A,2415.12
A,332.21000000000004
B,628.2800000000001
B,396.96
B,439.66
B,429.21999999999997
A,44318.18999999997
B,4284.549999999996
B,291.29999999999995
B,758.9199999999994
B,552.0199999999999
A,471.7799999999999
B,876.1800000000001
A,2739.8
A,1197.2700000000002
B,322.03999999999996
A,874.5000000000003
A,256.44
A,137.89999999999998
B,362.06000000000006
A,783.8999999999999
B,1094.4499999999998
B,145.0
B,578.1799999999995
B,335.32000000000005
A,450.04999999999995
A,165.3
B,584.3199999999999
A,122.4
B,1278.1000000000001
B,79.2
B,843.7799999999999
B,217.16
B,1814.5300000000004
A,337.98
A,436.17999999999995
B,981.5099999999992
A,944.1299999999999
B,224.13
B,509.2
B,320.62
A,185.05
A,1303.4400000000003
B,139.79999999999998
B,553.0799999999999
A,477.7
A,1532.04
A,842.5
A,693.9300000000011
B,100.70000000000002
B,135.75
A,931.6800000000003
A,612.7800000000001
B,113.88
B,1309.1399999999999
A,579.2199999999999
A,444.54
B,307.78
A,3472.42
A,1601.6999999999994
B,3506.5399999999995
B,7961.0999999999985
A,618.0899999999997
B,517.5499999999998
A,550.0799999999999
B,635.41
B,620.3999999999999
A,1192.1100000000001
A,1938.7700000000007
A,659.1299999999999
B,76.32
A,163.67999999999998
A,1304.3099999999995
A,1829.0399999999997
A,1339.14
B,2772.1200000000017
B,488.37000000000006
B,801.9400000000003
A,4207.440000000004
B,37.4
A,415.0
B,577.1199999999999
B,1619.0800000000002
B,918.1699999999996
A,944.7399999999997
B,73.19999999999999
B,800.3499999999999
A,950.08
A,322.15000000000003
B,736.8899999999998
B,331.95
B,197.90000000000003
B,215.83
A,6212.380000000001
B,4844.0
A,763.8700000000001
B,529.4099999999999
B,2443.4100000000003
A,3975.969999999999
A,340.90999999999997
A,215.48000000000002
B,3667.4200000000005
A,314.45000000000005
B,875.0399999999997
A,365.27
A,445.3
A,405.71000000000004
B,223.43
B,415.94999999999993
A,394.38
B,497.59
A,1694.5599999999995
A,6906.529999999999
B,547.02
A,690.34
B,159.0
A,1062.7499999999998
A,242.35
A,914.9300000000002
A,304.25
A,2868.380000000002
B,1127.8299999999997
B,537.0299999999999
B,255.11999999999998
B,1010.5999999999999
B,358.57
B,179.1
A,354.4599999999999
A,432.1999999999999
A,66.3
A,3718.8000000000006
A,950.5999999999992
A,1083.1099999999994
B,214.9499999999999
B,1522.7499999999998
B,959.6800000000003
A,114.56
A,1468.3300000000002
A,389.4400000000001
A,875.8800000000002
A,752.4300000000002
A,46.95
B,801.0
A,1035.45
A,347.81999999999994
A,2508.4700000000003
A,599.2199999999999
A,1141.2399999999996
A,1114.8199999999997
A,411.7000000000001
A,357.94999999999993
A,810.5999999999999
B,1509.579999999999
A,1330.1399999999994
A,399.3999999999999
B,142.50000000000003
A,302.25
B,1545.6500000000005
A,670.09
A,301.90000000000003
A,483.8999999999999
B,5360.629999999999
A,361.2199999999999
B,389.02000000000004
A,1920.0
B,334.20000000000005
B,616.26
A,167.62
B,226.37
B,988.3599999999998
B,1341.6499999999999
B,1038.46
B,87.75
A,166.55999999999997
B,178.22
A,1022.8499999999999
B,2014.1700000000005
A,251.91
A,739.28
B,10349.439999999999
B,549.0699999999998
B,1971.8700000000006
B,283.71000000000004
B,370.47999999999996
A,1070.91
A,53.5
A,680.9999999999999
B,153.9
B,494.44
A,3711.4999999999995
A,137.9
B,672.4
A,1196.9099999999996
B,1741.140000000001
A,176.89000000000004
B,139.63
B,109.36
B,1225.71
B,327.3
A,804.4900000000001
A,302.47999999999996
B,1199.2100000000007
A,1045.0200000000002
A,156.3
A,987.0100000000007
B,676.2
B,287.04999999999995
B,1755.7599999999998
B,309.46
B,584.4999999999999
B,281.0400000000001
B,256.09999999999997
B,94.36
A,1382.0700000000004
A,221.19000000000005
A,1276.6100000000004
A,939.6900000000003
A,1486.9000000000008
B,408.5700000000001
A,1983.0099999999995
A,87.8
B,167.25
B,163.07
B,869.8799999999998
B,1148.4700000000005
A,83.15
B,151.83
A,262.20000000000005
B,75.45
A,706.5699999999998
A,595.87
A,17043.79000000001
B,346.12
A,133.56
A,302.69999999999993
A,751.7700000000001
B,131.26
A,300.84999999999997
A,642.81
A,184.26000000000002
A,783.1100000000001
B,384.90999999999997
B,2935.1999999999994
A,211.00000000000003
A,151.65999999999997
A,232.35
A,2.9
A,311.92
B,266.96999999999997
A,338.78000000000003
B,1244.9999999999998
B,1557.3199999999993
A,561.46
B,151.42
A,34.0
A,1422.3999999999992
B,1314.6800000000012
A,1127.9299999999998
B,373.54999999999984
A,633.0700000000002
A,223.94999999999996
B,1290.7699999999998
B,486.4
A,950.56
A,95.1
B,220.61999999999998
B,404.3
B,363.65
B,354.57
B,731.5
A,1111.6299999999999
A,826.5299999999999
A,862.8199999999999
B,2732.6100000000006
B,9.75
B,365.45
A,262.79999999999995
A,841.7899999999997
A,484.3799999999998
A,35.1
A,363.7
A,248.10000000000002
A,950.2599999999999
A,644.34
B,1062.57
A,111.38000000000002
B,297.16
B,5679.000000000003
A,7377.929999999999
A,290.35999999999996
B,228.06
B,455.25
A,693.8900000000003
A,2232.0
B,1095.5600000000013
A,548.97
B,747.25
A,119.62
A,787.1499999999999
A,1195.5000000000005
A,1010.97
A,306.1
A,379.72999999999996
B,4395.18
A,314.11
B,151.98
A,1320.7499999999995
A,180.70000000000002
B,5600.060000000007
B,841.4100000000002
A,264.96000000000004
A,1077.74
B,173.7
B,429.44000000000005
A,2641.7400000000007
A,985.0099999999999
A,299.69999999999993
A,663.6099999999998
B,105.84
A,313.61999999999995
B,233.45
B,324.1400000000001
B,225.14999999999995
A,117.68
A,213.5
B,926.7099999999998
B,144.13
B,129.5
B,220.0
A,2429.9400000000005
B,3688.2400000000007
A,441.45
B,506.18999999999994
A,290.32000000000005
B,151.85000000000002
B,1086.6299999999999
A,226.21
B,95.76
A,322.78
B,384.14
A,333.08
B,2519.8600000000006
B,322.8
B,928.8600000000001
B,2156.9400000000005
A,217.9
A,332.38
B,1085.4099999999996
B,471.1499999999999
B,307.73
B,833.7799999999996
B,214.06
B,6773.969999999999
B,94.8
A,338.47
B,1081.8899999999999
B,4733.4000000000015
B,461.7999999999998
B,1267.65
B,135.4
B,118.98
A,366.78
A,184.14000000000004
A,1374.8699999999997
A,2366.159999999998
A,152.64
A,3732.9400000000005
B,319.6099999999999
A,633.68
B,1330.1299999999999
A,1133.66
B,106.92
A,28035.85999999999
B,1503.9700000000018
A,183.75
A,294.15999999999997
A,86.5
A,8.5
B,482.0099999999998
B,523.5
B,112.75000000000001
B,3853.0100000000034
B,4612.999999999999
B,10226.329999999996
A,531.3499999999995
B,1759.44
B,1735.2599999999995
B,1355.4299999999998
B,2191.2500000000023
A,4412.839999999997
A,301.71999999999997
A,901.2
B,2294.0000000000014
B,703.25
A,155.23999999999998
A,292.46999999999997
A,2268.229999999999
A,424.15000000000003
B,306.3899999999999
A,1190.6199999999994
A,272.81999999999994
A,831.6000000000008
B,4763.129999999995
B,743.1099999999998
A,650.5099999999999
B,1640.1999999999996
B,417.6
A,3.75
A,323.00000000000006
A,464.9
B,1780.7200000000007
A,521.8899999999999
B,4939.370000000004
A,4022.910000000001
A,355.86
A,605.6999999999998
B,217.08
B,207.5
A,223.92
A,2002.4
A,588.3599999999999
A,370.94000000000005
B,927.9300000000001
A,770.5299999999996
A,34.0
A,1145.6
B,1331.64
A,374.84999999999985
B,380.38999999999993
B,500.7999999999998
B,654.9599999999997
A,171.59
A,542.2
B,780.0299999999997
A,388.2799999999999
B,49.09999999999999
B,93.18
A,3677.69
A,311.24999999999994
B,1006.69
B,107.6
B,80.8
A,894.5800000000002
B,1497.660000000001
B,110.38
A,243.83999999999997
B,961.1200000000003
A,305.62
B,1265.8300000000004
B,536.9899999999998
A,460.58999999999986
A,368.4799999999997
B,840.9899999999998
A,288.42
A,637.4000000000003
B,314.77
A,479.3500000000001
B,1378.9800000000002
B,3207.2699999999995
B,123.01999999999998
B,264.54999999999995
B,1566.9299999999998
A,237.74
B,456.4799999999999
B,341.70000000000005
B,113.5
A,325.91
A,77.75
B,81.75
A,91.32
B,1471.5000000000002
A,392.12000000000006
A,10587.569999999994
B,619.1800000000001
A,520.5699999999999
A,6037.750000000005
B,214.32000000000002
A,281.42
A,332.40999999999997
A,111.09
B,113.06000000000002
A,177.2
A,747.81
A,102.96
B,207.73999999999998
B,671.2699999999999
B,2420.05
B,215.33999999999997
A,2157.640000000001
A,769.4
A,458.8599999999995
B,13.3
B,672.78
B,205.8
A,429.84
B,471.50999999999976
B,705.5600000000001
B,205.65999999999997
B,287.63999999999993
A,76.75
B,392.73
B,1281.560000000001
B,134.43
A,1706.88
A,373.24
B,2381.7200000000016
A,2513.33
A,283.82999999999987
B,799.6300000000006
A,912.0700000000006
B,1322.0900000000001
B,113.44000000000001
B,96.2
A,576.26
B,37.8
A,1340.4000000000012
A,3119.830000000001
B,594.2100000000003
B,419.7
A,1991.2000000000005
B,443.94999999999993
B,380.55000000000007
B,2364.409999999996
A,161.94
A,224.73
B,950.9299999999998
A,262.68
B,2468.780000000001
A,3049.8800000000006
A,169.66000000000005
A,365.7
B,2132.739999999999
B,406.4800000000001
A,435.02
B,400.15000000000003
B,167.61
A,1429.2
A,156.1
B,308.74
B,301.8
B,117.35
B,507.0499999999999
B,234.17
B,1724.7600000000004
A,253.31000000000003
B,397.3599999999999
A,357.20999999999987
B,251.51999999999998
B,344.33
A,1620.2600000000004
A,732.3600000000004
B,384.05999999999995
A,1154.7700000000004
B,4481.349999999996
A,4460.700000000001
B,1790.0
B,1011.4699999999999
B,1034.25
B,550.75
A,710.8399999999999
B,624.0
B,205.0
B,238.98999999999998
B,2612.7900000000004
A,1013.2699999999998
B,406.54
A,145.10999999999999
B,639.27
B,195.35999999999999
A,231.27
A,272.58
A,4740.399999999998
B,405.0
B,637.1099999999999
B,25.0
A,357.77000000000004
A,459.60999999999996
B,716.0
A,729.8400000000001
B,603.72
A,259.51
B,1267.3199999999995
B,1081.5700000000004
A,241.92000000000002
B,1093.8200000000002
B,948.48
A,191.08999999999997
B,1100.9
B,925.3499999999998
A,2987.610000000002
B,672.3399999999998
B,413.75000000000006
A,498.47999999999996
B,753.7599999999999
A,1179.8899999999999
A,2043.670000000004
B,234.23999999999998
B,3731.349999999999
B,141.29999999999998
B,1108.64
A,859.3500000000001
B,2348.4999999999995
B,2273.4800000000005
B,312.13999999999993
A,1305.1100000000004
A,1446.0900000000006
B,511.78999999999996
B,334.2
A,118.8
B,287.62
B,290.1600000000001
B,714.4199999999998
A,974.4000000000001
A,1027.43
A,622.5600000000001
A,1632.8600000000008
A,1797.8599999999979
A,1144.7099999999996
A,301.99999999999994
A,1011.0099999999995
A,1022.1299999999999
B,326.40999999999997
A,971.7399999999999
B,1370.7299999999996
A,25.5
B,2423.6000000000013
A,573.4499999999998
B,248.60999999999999
A,285.65
A,837.4999999999999
A,116.19999999999997
A,547.25
B,307.46
A,138.32
B,345.29999999999995
A,259.34999999999997
A,1004.7499999999999
A,492.6699999999999
B,4134.39
B,330.5
A,924.15
A,7529.570000000001
B,579.0
A,595.8899999999999
B,563.88
A,1714.5900000000001
A,124.88000000000001
B,315.9
A,213.77999999999997
A,251.69999999999993
B,319.0
B,698.5499999999998
B,1140.6600000000003
B,1369.9599999999996
B,597.77
A,293.09999999999997
A,2016.2600000000002
B,206.34
A,527.0999999999998
A,224.90999999999997
B,317.75999999999993
B,1180.44
A,1132.63
B,306.13
A,711.79
B,548.4899999999999
A,239.91999999999996
A,1901.0800000000004
A,144.0
B,863.66
A,227.21999999999994
B,444.74
B,886.9900000000001
A,922.02
A,262.62
A,1013.0100000000001
A,170.56
B,342.63
A,2564.8900000000003
A,1564.56
A,384.08
B,204.24
B,2043.9200000000008
A,1146.0099999999995
B,776.0499999999997
B,113.5
A,719.5799999999996
A,1427.1500000000017
B,202.85
B,133.95
B,433.71999999999997
A,1301.1799999999998
A,157.70999999999995
A,3638.4100000000003
B,1745.8500000000013
A,149.89
B,550.0600000000001
A,498.3999999999999
B,243.6
A,2150.690000000001
A,1135.0399999999997
A,5058.599999999995
B,954.8999999999999
B,171.45000000000005
B,282.18999999999994
A,318.65000000000003
A,162.65000000000006
A,283.28
B,11.9
B,178.26
B,170.31000000000006
A,112.46000000000002
B,112.10000000000001
B,221.73000000000005
B,882.5
B,63.440000000000005
A,562.8999999999997
A,113.06000000000002
A,625.4
A,2107.8300000000004
A,717.0200000000001
B,246.04000000000005
B,187.82999999999998
B,1703.41
A,827.9400000000004
B,153.92000000000004
B,777.4400000000003
A,663.6999999999999
A,167.36
A,353.03
B,1188.7800000000002
A,277.59
B,131.78000000000006
A,461.49000000000007
B,197.6300000000001
B,120.27000000000001
A,250.03999999999994
A,4746.179999999999
B,828.3899999999999
A,244.8
A,2103.3199999999997
A,4059.2599999999966
A,2600.34
B,459.17999999999995
A,41.25
B,366.69000000000005
B,863.1800000000002
A,99.0
B,494.24999999999994
B,10.5
B,1560.5700000000022
A,6643.929999999996
A,9074.279999999995
A,193.63999999999996
B,160.56999999999994
A,253.61000000000004
A,2026.7900000000025
B,228.96
B,369.88000000000005
A,110.75
A,551.22
B,427.3
A,870.0
A,1393.06
B,178.21999999999997
A,388.1399999999999
B,246.6999999999999
B,254.83999999999992
A,269.28
B,162.23000000000002
B,2652.4000000000015
B,3831.589999999996
B,168.4
B,966.88
B,218.7
B,423.88999999999993
B,739.5099999999999
B,223.44000000000003
B,105.85000000000001
B,2532.5899999999992
A,9451.28
A,108.75
B,2073.1
B,437.67
A,688.13
A,10286.999999999998
B,312.41
A,4404.3
A,696.4099999999999
A,347.7
B,667.9199999999998
B,905.0000000000001
B,21579.379999999997
A,393.3100000000002
B,1498.3199999999995
A,795.1700000000001
A,285.58
B,809.6
A,507.8399999999999
B,4451.110000000004
A,167.39000000000001
B,2395.23
B,598.8299999999999
A,1269.7599999999993
A,248.99
A,759.1699999999995
B,4035.8999999999987
A,11760.449999999999
A,365.76000000000005
A,303.16
B,1680.9200000000008
A,962.27
A,2940.0400000000013
A,120.9
B,1322.6900000000003
B,156962.42000000007
A,1081.2100000000003
A,144.72
A,413.5300000000002
A,131.7
A,680.5799999999999
A,316.49999999999994
B,300.38999999999993
A,209.17999999999998
B,757.4599999999996
B,212.28000000000003
B,1186.8999999999996
B,460.4100000000001
A,988.4599999999997
B,710.2900000000001
B,194.36999999999995
B,511.82
A,417.56
A,396.87000000000006
B,376.64
B,618.2999999999998
B,862.4599999999998
B,497.56
A,271.04999999999995
B,622.88
A,1138.0
A,388.5999999999999
A,340.43
A,2745.28
B,1145.84
B,265.02
B,1796.28
B,308.47999999999996
B,42985.08999999998
B,2586.489999999999
A,339.89
A,312.87
A,1176.8200000000002
B,546.8100000000001
B,385.0200000000001
A,225.69
A,527.19
A,145.0
B,422.70000000000005
B,646.0
A,647.26
A,1557.6899999999996
B,1596.5900000000006
B,296.7
A,223.36
A,76.5
A,266.92
A,98.42000000000002
B,310.09999999999997
A,170.75
B,103.3
B,148.86
B,156.22
A,306.84
B,315.02000000000004
A,1487.6
A,1236.69
B,287.81
B,157.9
A,288.35999999999996
B,486.05
B,167.61999999999998
A,847.6799999999998
B,329.6700000000001
B,901.2100000000007
B,3205.7000000000003
A,344.13999999999993
B,1422.9100000000014
A,196.0
A,205.88999999999996
A,185.65
A,2754.3399999999974
A,164.41
A,94.55000000000001
B,7187.480000000002
A,175.27
B,492.8499999999999
A,715.26
A,702.24
A,1783.5200000000002
B,808.9099999999996
A,1242.97
B,1410.6799999999996
B,678.18
B,157.9
B,837.12
B,2044.3700000000003
A,161.67
B,116.01
A,2780.85
B,394.72
B,537.6899999999997
B,2442.869999999997
A,1344.0900000000001
B,2594.590000000001
B,390.0699999999999
A,329.6
B,163.2
A,320.28000000000003
A,81.44
B,717.5200000000002
B,1497.3200000000008
A,75.75000000000001
A,513.34
A,503.5999999999999
A,302.55
A,332.89000000000004
A,549.6599999999997
B,285.55999999999995
A,338.9499999999999
A,621.6600000000001
A,712.2900000000002
A,101.55
B,2132.6699999999987
A,690.11
A,868.49
B,166.07999999999996
A,1690.8599999999994
B,3499.0899999999983
B,913.1600000000002
B,606.6299999999998
B,399.55
A,595.42
B,2520.96
A,196.0
B,975.2500000000003
B,604.6400000000002
B,1751.0099999999998
B,161.85
B,2350.72
A,866.7099999999998
A,2000.3300000000004
B,780.0600000000005
A,11316.089999999987
B,722.8800000000001
B,8436.589999999997
A,298.10999999999996
B,1992.1100000000004
A,184.4
B,791.94
A,2829.8299999999995
B,5739.460000000005
A,1749.3
A,147.89999999999998
A,343.26000000000005
B,283.12000000000006
B,353.59999999999997
A,1223.62
B,338.95000000000005
A,154.95000000000002
B,1375.7699999999995
B,417.95000000000005
B,1003.4400000000002
B,490.9599999999999
B,885.1899999999998
B,250.3
B,5746.110000000001
B,110.60000000000001
B,137.45
B,220.53
B,153.0
A,326.4
B,2872.9100000000008
A,139.35
B,2617.8700000000013
A,663.5600000000001
B,833.4399999999999
B,1492.1
B,614.3000000000001
B,1585.8400000000008
B,1060.25
B,345.03000000000003
B,2196.86
B,276.37
B,303.97
A,692.1900000000003
B,273.3999999999999
A,3092.61
B,307.4899999999999
A,87.39
B,1879.05
B,1037.0800000000002
B,355.11
A,1311.46
A,110.25000000000001
B,71.4
B,305.51
A,1011.4800000000005
A,80.64
A,1196.7699999999998
A,3020.589999999999
B,2872.909999999999
A,834.9900000000001
B,287.59000000000003
A,15.0
B,818.8199999999998
A,141.30000000000004
A,271.2
B,861.8499999999999
B,2213.280000000001
A,705.4699999999998
B,245.81
B,394.88000000000005
B,214.91
A,658.5700000000003
A,131.94
B,163.89
A,678.9300000000001
A,16.7
A,1257.49
B,106.1
B,323.03999999999996
B,350.3899999999999
A,780.4299999999997
A,2880.04
B,680.76
B,1285.0399999999997
B,3406.2099999999996
B,6049.609999999994
B,246.8499999999999
A,217.71
A,5.1
B,2033.9400000000005
A,298.4
B,1583.8100000000004
A,986.93
B,889.24
B,287.65000000000003
A,155.3700000000001
B,109.84
B,110.21000000000001
A,423.66000000000014
B,2560.8999999999987
B,21605.760000000315
A,2033.1
A,578.02
A,369.19999999999993
B,5391.210000000004
A,208.96999999999997
B,659.82
A,7506.52
A,3814.2900000000013
B,602.5100000000001
A,330.9
A,2294.0799999999995
B,272.31
A,8515.079999999994
B,329.65
B,957.48
A,117.22000000000001
B,155.89999999999998
B,977.24
A,237.61
B,178.52
A,458.9199999999999
B,78.45000000000002
B,278.21999999999997
B,173.06999999999996
A,111.35
A,633.35
B,203.87
B,602.09
B,102.0
A,409.0799999999998
A,256.32
A,297.8699999999999
A,152.06
B,112.19999999999999
B,110.38000000000001
B,191.66999999999993
B,394.15
A,243.2799999999999
B,311.01000000000005
B,411.5999999999999
B,110.91000000000001
B,1304.04
A,2637.61
A,439.8699999999997
A,207.5
A,502.2
A,244.08
A,211.73000000000002
A,272.0
A,390.6
A,1331.5700000000002
A,704.25
A,145.79
B,3341.22
A,1312.44
A,304.56
B,77.5
A,132.03
B,176.68
B,358.56
B,11166.970000000001
B,409.5
A,974.0200000000008
A,508.46000000000004
A,73.77999999999999
B,1066.2800000000004
B,102.82999999999998
A,261.76000000000005
B,1430.1800000000003
B,961.9300000000003
B,277.34999999999997
B,125.2
A,582.5899999999999
A,136.04
A,337.04
A,432.46999999999997
A,2045.9000000000003
A,353.18999999999994
B,288.14
A,262.87
A,562.7499999999999
B,152.68000000000006
A,634.9499999999999
B,20.8
A,146.0
A,630.84
A,449.86000000000007
B,683.9399999999999
A,191.71999999999997
B,252.23000000000005
A,169.46999999999994
B,139.97
A,444.68
A,1934.6
A,257.34000000000003
B,102.79
A,166.42000000000002
A,156.64999999999998
B,523.0
B,122.13999999999996
A,38.45
A,389.78000000000003
A,115.30999999999999
A,422.8800000000001
B,41.650000000000006
A,118.2
B,1896.2000000000012
A,165.05
A,243.04999999999995
B,824.2600000000001
A,172.29000000000002
B,74.4
B,4458.829999999996
A,363.6499999999999
A,86.6
B,1266.9500000000003
B,234.6
B,408.0
B,1287.0900000000004
B,101.7
B,2036.6700000000005
A,1761.6000000000004
B,489.6
A,1513.0200000000007
B,1149.1500000000003
A,1612.8300000000002
B,1231.5
B,94.80000000000001
B,703.3699999999997
B,90.48
A,689.9499999999999
A,101.33999999999999
A,4055.7200000000003
B,5462.499999999999
B,2016.88
B,1759.2000000000003
B,374.75
A,474.04999999999944
A,1668.3000000000004
B,110.22999999999999
A,113387.18000000015
B,754.6400000000002
B,113.48000000000002
B,430.6999999999999
B,4161.300000000001
B,236.3
A,220.1
A,1053.4600000000005
A,320.71999999999997
A,3924.909999999992
B,23.25
A,1627.7400000000025
B,265.96
A,586.53
A,206.83000000000007
B,209.13
A,112.55
A,1059.3900000000003
A,931.5
A,510.07
A,600.8499999999999
B,152.65
B,8438.34
B,1000.1599999999997
A,1920.7500000000005
A,1494.2400000000005
B,83.7
A,98.88000000000001
A,290.18
B,413.28
A,312.55
B,266.56
B,343.80000000000007
A,530.1500000000002
A,638.06
A,1233.2599999999998
A,399.65000000000003
A,302.46000000000004
A,495.78000000000003
B,1169.94
B,202.65000000000003
A,351.29999999999995
A,1011.4799999999998
A,4009.0599999999995
A,2106.84
A,104.0
B,476.3499999999999
B,544.6000000000001
A,300.65
A,966.5299999999999
B,1231.8200000000002
A,382.79999999999995
B,312.79999999999995
B,49.8
A,2001.0400000000004
A,1090.24
B,171.45999999999998
B,207.8
A,973.8399999999999
A,450.78000000000014
A,2594.7000000000016
B,1396.9900000000007
B,817.89
B,139.10000000000002
B,2002.44
B,200.70000000000002
A,248.4199999999999
B,232.48
A,299.34000000000003
A,303.8500000000001
A,352.70000000000005
A,929.3199999999996
B,567.27
B,2595.7699999999995
A,158.95000000000002
B,4176.840000000003
A,1480.37
B,779.9
A,4447.200000000001
B,1987.08
A,1412.2500000000005
A,92.35
A,440.0
A,319.34000000000003
B,529.4899999999999
B,243.21000000000004
B,1038.8000000000004
A,422.58000000000004
A,828.9900000000004
A,314.25999999999993
B,2127.8799999999997
A,596.1
B,95.34
A,349.27000000000004
A,4314.719999999999
A,526.6699999999998
B,103.3
A,1562.8699999999997
B,1962.3000000000004
A,2086.13
A,149.48
A,709.3600000000001
B,283.15000000000003
A,1125.9099999999999
A,110.38
A,80.82
A,77.84
B,1202.3700000000008
A,1766.5999999999997
